first_name,last_name,scope_id,email
Alain,DIECKHOFF,scope,alain.dieckhoff@entreprisea.fr
Alexandre,DESRUMAUX,scope,alexandre.desrumaux@entreprisea.fr
Alice,ANTHEAUME,scope,alice.antheaume@entreprisea.fr
Alice,JUDELL,scope,alice.judell@entreprisea.fr
Alifaycal,ZEROUATI,scope,alifaycal.zerouati@entreprisea.fr
Allison,ROVNY,scope,allison.rovny@entreprisea.fr
Ambroisine,BOURBON,scope,ambroisine.bourbon@entreprisea.fr
Andreas,ROESSNER,scope,andreas.roessner@entreprisea.fr
Angelique,PAWLOWSKI,scope,angelique.pawlowski@entreprisea.fr
Anita,BELDIMANMOORE,scope,anita.beldimanmoore@entreprisea.fr
Annabelle,MONDON,scope,annabelle.mondon@entreprisea.fr
Anne,CORNILLEAU,scope,anne.cornilleau@entreprisea.fr
Anne,LEPAGE,scope,anne.lepage@entreprisea.fr
Anne,LESEGRETAIN,scope,anne.lesegretain@entreprisea.fr
Annelaure,FAURE,scope,annelaure.faure@entreprisea.fr
